step,loss,mean_fvu,dead_features,dead_pct,lr,grad_norm,acts_active_frac,decoder_norm_mean,decoder_norm_std
0,151.32058715820312,1.1106350421905518,0,0.0,0.0003,82.5,0.49918755888938904,0.0,0.0
1,151.7242889404297,1.1227285861968994,0,0.0,0.0003,82.5,0.4991597533226013,0.00814363919198513,0.0008193194516934454
2,71951.71875,531.39501953125,0,0.0,0.0003,34048.0,0.5048635601997375,0.9878208041191101,0.09557345509529114
3,70039.8046875,518.6510009765625,0,0.0,0.0003,33280.0,0.4955984354019165,0.9920270442962646,0.07015012949705124
4,68896.0,510.5884704589844,0,0.0,0.0003,33024.0,0.4866606891155243,0.9947061538696289,0.0626649409532547
5,65513.4921875,492.63592529296875,0,0.0,0.0003,31744.0,0.47105783224105835,0.9948515295982361,0.05950896069407463
6,64406.390625,474.73431396484375,0,0.0,0.0003,31744.0,0.4539336562156677,0.9954481720924377,0.055420681834220886
7,62221.4453125,460.87432861328125,0,0.0,0.0003,30976.0,0.43755918741226196,0.9960395097732544,0.052342116832733154
8,60409.515625,444.2286071777344,0,0.0,0.0003,30464.0,0.42130136489868164,0.9958087801933289,0.05044753849506378
9,58027.578125,430.9812927246094,0,0.0,0.0003,29568.0,0.40538695454597473,0.9965556859970093,0.05009252950549126
10,55528.546875,417.2779541015625,0,0.0,0.0003,28672.0,0.38978949189186096,0.996234655380249,0.048715297132730484
11,54832.8984375,402.814697265625,0,0.0,0.0003,28672.0,0.37500643730163574,0.9964199662208557,0.047540318220853806
12,52545.33984375,390.86199951171875,0,0.0,0.0003,27776.0,0.3612043559551239,0.9968510270118713,0.04674915969371796
13,51136.9765625,378.62066650390625,0,0.0,0.0003,27392.0,0.3459087014198303,0.9967558979988098,0.04510529711842537
14,49498.83984375,367.0357666015625,0,0.0,0.0003,26752.0,0.3331596553325653,0.9968873858451843,0.04390393942594528
15,48198.3203125,355.56671142578125,0,0.0,0.0003,26368.0,0.3220248818397522,0.9971891641616821,0.043290380388498306
16,46336.234375,345.435791015625,0,0.0,0.0003,25600.0,0.3117326498031616,0.997028112411499,0.04316027835011482
17,45501.6484375,334.8065490722656,0,0.0,0.0003,25344.0,0.303353875875473,0.9971423745155334,0.04277805611491203
18,43793.390625,324.6934814453125,0,0.0,0.0003,24576.0,0.291267991065979,0.9973098039627075,0.04150975123047829
19,42296.8671875,315.60272216796875,0,0.0,0.0003,23936.0,0.28468865156173706,0.99739670753479,0.04032113030552864
20,41450.20703125,306.7153015136719,35,0.0015190972222222222,0.0003,23680.0,0.2764829993247986,0.9974987506866455,0.04005751013755798
21,40202.32421875,296.7028503417969,36,0.0015625,0.0003,23296.0,0.2645167112350464,0.9975183606147766,0.03963970020413399
22,38958.40625,288.7821044921875,35,0.0015190972222222222,0.0003,22784.0,0.26041242480278015,0.9976779818534851,0.03909192606806755
23,37649.84375,280.5199279785156,36,0.0015625,0.0003,22144.0,0.25367704033851624,0.9976325631141663,0.038531094789505005
24,36637.2578125,272.78997802734375,35,0.0015190972222222222,0.0003,21760.0,0.24738796055316925,0.9979450702667236,0.03753289952874184
25,35375.2109375,264.208251953125,39,0.0016927083333333334,0.0003,21120.0,0.24234840273857117,0.9979696869850159,0.03727054223418236
26,34312.2421875,256.14093017578125,41,0.0017795138888888889,0.0003,20736.0,0.2306939959526062,0.9980247020721436,0.03681838884949684
27,33487.12890625,249.29562377929688,40,0.001736111111111111,0.0003,20480.0,0.2296174019575119,0.998216450214386,0.03669976070523262
28,32721.130859375,241.20628356933594,39,0.0016927083333333334,0.0003,20224.0,0.22377438843250275,0.9982487559318542,0.03669623285531998
29,31843.85546875,234.40142822265625,39,0.0016927083333333334,0.0003,19840.0,0.21810388565063477,0.9983636140823364,0.036220625042915344
30,30594.435546875,227.2115478515625,41,0.0017795138888888889,0.0003,19200.0,0.21260114014148712,0.9984984993934631,0.03562198579311371
31,29682.912109375,221.56109619140625,43,0.0018663194444444445,0.0003,18688.0,0.21163016557693481,0.9985087513923645,0.0355057418346405
32,29034.623046875,214.35043334960938,44,0.0019097222222222222,0.0003,18560.0,0.20887316763401031,0.9985138177871704,0.03549812734127045
33,28126.927734375,207.77169799804688,41,0.0017795138888888889,0.0003,18048.0,0.20358039438724518,0.9985219836235046,0.03499240428209305
34,26868.5625,202.31610107421875,39,0.0016927083333333334,0.0003,17408.0,0.1999296396970749,0.9985625743865967,0.0343749038875103
35,26633.271484375,195.4624481201172,38,0.0016493055555555556,0.0003,17408.0,0.19965235888957977,0.998533308506012,0.03425683453679085
36,25657.203125,189.81109619140625,37,0.0016059027777777777,0.0003,16896.0,0.19758708775043488,0.9985822439193726,0.03372965753078461
37,24867.625,184.1129150390625,37,0.0016059027777777777,0.0003,16512.0,0.19043715298175812,0.9986119866371155,0.0336204431951046
38,24193.3046875,177.87030029296875,39,0.0016927083333333334,0.0003,16256.0,0.18677012622356415,0.9986615180969238,0.03308183699846268
39,23580.09765625,172.80813598632812,39,0.0016927083333333334,0.0003,16000.0,0.18448224663734436,0.998674213886261,0.03297535702586174
40,22499.599609375,167.6405792236328,40,0.001736111111111111,0.0003,15360.0,0.18036016821861267,0.9986903071403503,0.032975517213344574
41,22041.708984375,163.62155151367188,40,0.001736111111111111,0.0003,15104.0,0.18624962866306305,0.9986943006515503,0.03297681733965874
42,21279.005859375,158.13429260253906,41,0.0017795138888888889,0.0003,14784.0,0.17554092407226562,0.9987128376960754,0.03295806050300598
43,20753.02734375,153.92532348632812,39,0.0016927083333333334,0.0003,14528.0,0.17774751782417297,0.998798131942749,0.031229324638843536
44,20205.72265625,149.01687622070312,37,0.0016059027777777777,0.0003,14272.0,0.17611227929592133,0.9988644123077393,0.030939549207687378
45,19587.0703125,144.6220703125,38,0.0016493055555555556,0.0003,13952.0,0.1758795827627182,0.9988888502120972,0.030325962230563164
46,18937.61328125,140.43087768554688,37,0.0016059027777777777,0.0003,13568.0,0.16913749277591705,0.998913586139679,0.030238259583711624
47,18388.763671875,137.66378784179688,38,0.0016493055555555556,0.0003,13248.0,0.17093251645565033,0.9989217519760132,0.030237022787332535
48,18067.974609375,133.40875244140625,39,0.0016927083333333334,0.0003,13120.0,0.16955982148647308,0.9989535808563232,0.030239317566156387
49,17586.833984375,129.39328002929688,35,0.0015190972222222222,0.0003,12864.0,0.17167477309703827,0.9989396929740906,0.03023681789636612
50,16987.740234375,125.97779846191406,36,0.0015625,0.0003,12480.0,0.16970638930797577,0.9989724159240723,0.030231229960918427
51,16625.25390625,122.28236389160156,36,0.0015625,0.0003,12352.0,0.16614414751529694,0.9989983439445496,0.02958986721932888
52,16064.583984375,119.31206512451172,33,0.0014322916666666666,0.0003,11968.0,0.1668757200241089,0.9990317821502686,0.029513966292142868
53,15705.892578125,115.88854217529297,33,0.0014322916666666666,0.0003,11776.0,0.16849637031555176,0.9990170001983643,0.029513275250792503
54,15249.109375,112.68404388427734,37,0.0016059027777777777,0.0003,11520.0,0.16830715537071228,0.9990419149398804,0.02951442450284958
55,14797.0458984375,109.45952606201172,37,0.0016059027777777777,0.0003,11264.0,0.16330024600028992,0.9990361928939819,0.029513435438275337
56,14329.2060546875,106.8177490234375,38,0.0016493055555555556,0.0003,11008.0,0.1645822376012802,0.9990726113319397,0.029506249353289604
57,13991.8935546875,103.27147674560547,36,0.0015625,0.0003,10816.0,0.16243676841259003,0.9990921020507812,0.028836829587817192
58,13469.591796875,100.10274505615234,38,0.0016493055555555556,0.0003,10496.0,0.15934541821479797,0.9991211891174316,0.028770912438631058
59,13209.939453125,97.33050537109375,37,0.0016059027777777777,0.0003,10368.0,0.15776427090168,0.9991300106048584,0.028762226924300194
60,12722.77734375,94.32048034667969,37,0.0016059027777777777,0.0003,10112.0,0.15707135200500488,0.9991617798805237,0.028073541820049286
61,12430.8701171875,92.01663208007812,35,0.0015190972222222222,0.0003,9920.0,0.1544005572795868,0.999198853969574,0.02800813317298889
62,12063.330078125,89.19425964355469,35,0.0015190972222222222,0.0003,9728.0,0.1589079201221466,0.9991986155509949,0.028001002967357635
63,11645.3740234375,86.51036071777344,33,0.0014322916666666666,0.0003,9472.0,0.1525338888168335,0.9992353916168213,0.027338678017258644
64,11297.7255859375,84.24632263183594,34,0.0014756944444444444,0.0003,9216.0,0.15619100630283356,0.999250054359436,0.027223343029618263
65,10873.48046875,82.12399291992188,36,0.0015625,0.0003,8896.0,0.15352292358875275,0.9992566108703613,0.02721383050084114
66,10711.9677734375,79.14724731445312,36,0.0015625,0.0003,8896.0,0.15417031943798065,0.9992896318435669,0.026486441493034363
67,10434.748046875,76.6065673828125,36,0.0015625,0.0003,8704.0,0.1530771106481552,0.9993375539779663,0.025657672435045242
68,10120.99609375,74.66295623779297,37,0.0016059027777777777,0.0003,8512.0,0.15313585102558136,0.9993501901626587,0.025581220164895058
69,9796.8095703125,72.3951644897461,36,0.0015625,0.0003,8320.0,0.1491103321313858,0.9993319511413574,0.02557961270213127
70,9633.072265625,70.6435317993164,40,0.001736111111111111,0.0003,8256.0,0.1495169848203659,0.999359130859375,0.025580905377864838
71,9175.33984375,68.70721435546875,39,0.0016927083333333334,0.0003,7872.0,0.14861272275447845,0.9993670582771301,0.02557607926428318
72,9025.34375,66.1969985961914,40,0.001736111111111111,0.0003,7840.0,0.15124444663524628,0.9993880391120911,0.025056075304746628
73,8714.0390625,64.78526306152344,41,0.0017795138888888889,0.0003,7584.0,0.1517789214849472,0.9994110465049744,0.024719340726733208
74,8461.712890625,62.99717712402344,45,0.001953125,0.0003,7424.0,0.14976459741592407,0.9994071125984192,0.02471957914531231
75,8272.2822265625,60.78716278076172,43,0.0018663194444444445,0.0003,7328.0,0.1499534696340561,0.9993982911109924,0.024720387533307076
76,7971.10546875,59.03499984741211,41,0.0017795138888888889,0.0003,7104.0,0.14906005561351776,0.9993811249732971,0.024722067639231682
77,7770.04443359375,57.80963134765625,41,0.0017795138888888889,0.0003,6976.0,0.15331421792507172,0.9993637204170227,0.024713432416319847
78,7547.5244140625,55.603492736816406,40,0.001736111111111111,0.0003,6848.0,0.1466531604528427,0.9993871450424194,0.023868491873145103
79,7310.60498046875,54.40217208862305,40,0.001736111111111111,0.0003,6656.0,0.14919154345989227,0.9994435906410217,0.022951750084757805
80,7134.662109375,52.75944137573242,40,0.001736111111111111,0.0003,6560.0,0.14763319492340088,0.9994288086891174,0.02290487103164196
81,6904.19677734375,51.50950241088867,39,0.0016927083333333334,0.0003,6368.0,0.14945119619369507,0.9994505643844604,0.02290453389286995
82,6751.77099609375,49.971824645996094,36,0.0015625,0.0003,6272.0,0.15021277964115143,0.9994373321533203,0.02290439046919346
83,6620.5078125,48.49626922607422,36,0.0015625,0.0003,6208.0,0.145069882273674,0.9994354248046875,0.022904932498931885
84,6385.5263671875,47.157752990722656,37,0.0016059027777777777,0.0003,6048.0,0.14541278779506683,0.9994422197341919,0.02290443331003189
85,6221.34375,46.25112533569336,37,0.0016059027777777777,0.0003,5888.0,0.14910279214382172,0.9994646906852722,0.022904636338353157
86,5974.0673828125,44.78153610229492,38,0.0016493055555555556,0.0003,5728.0,0.14600135385990143,0.9994696974754333,0.022903524339199066
87,5836.93505859375,43.59293746948242,35,0.0015190972222222222,0.0003,5632.0,0.142447829246521,0.9994577169418335,0.02290477231144905
88,5783.7802734375,42.58910369873047,34,0.0014756944444444444,0.0003,5600.0,0.14627490937709808,0.999495267868042,0.022881554439663887
89,5566.12060546875,41.283660888671875,32,0.001388888888888889,0.0003,5440.0,0.144203782081604,0.9995608925819397,0.0210117194801569
90,5425.5927734375,40.56147003173828,33,0.0014322916666666666,0.0003,5312.0,0.14755131304264069,0.9996070265769958,0.020912904292345047
91,5241.8857421875,39.13221740722656,35,0.0015190972222222222,0.0003,5184.0,0.14264483749866486,0.9996532201766968,0.019894573837518692
92,5122.6494140625,38.39606475830078,35,0.0015190972222222222,0.0003,5088.0,0.14555639028549194,0.9996811151504517,0.019860437139868736
93,5034.15234375,37.147193908691406,35,0.0015190972222222222,0.0003,5056.0,0.14211714267730713,0.9996933937072754,0.019860416650772095
94,4888.876953125,36.08636474609375,32,0.001388888888888889,0.0003,4928.0,0.14208120107650757,0.9996924996376038,0.0198601633310318
95,4776.7421875,35.30170822143555,30,0.0013020833333333333,0.0003,4864.0,0.14414562284946442,0.9997104406356812,0.01985991932451725
96,4634.146484375,34.34421920776367,35,0.0015190972222222222,0.0003,4736.0,0.13871197402477264,0.9997367858886719,0.019845779985189438
97,4565.193359375,33.363433837890625,35,0.0015190972222222222,0.0003,4704.0,0.1415247619152069,0.9997658729553223,0.018783053383231163
98,4433.88818359375,32.70160675048828,34,0.0014756944444444444,0.0003,4576.0,0.14217978715896606,0.9998046159744263,0.018719805404543877
99,4319.8916015625,31.922483444213867,32,0.001388888888888889,0.0003,4480.0,0.14108869433403015,0.9998393058776855,0.01756979338824749
100,4180.32666015625,31.064716339111328,31,0.001345486111111111,0.0003,4384.0,0.1430562436580658,0.999871015548706,0.01752210594713688
101,4069.7041015625,30.313499450683594,30,0.0013020833333333333,0.0003,4288.0,0.14237619936466217,0.9999077916145325,0.016286799684166908
102,4035.64794921875,29.52681541442871,32,0.001388888888888889,0.0003,4288.0,0.13778576254844666,0.999929666519165,0.01625300571322441
103,3873.63330078125,28.990230560302734,34,0.0014756944444444444,0.0003,4128.0,0.13999396562576294,0.9999545812606812,0.016251802444458008
104,3804.8798828125,28.315519332885742,27,0.001171875,0.0003,4064.0,0.13946059346199036,0.9999619722366333,0.016251670196652412
105,3720.131591796875,27.60879135131836,26,0.0011284722222222221,0.0003,4000.0,0.14100876450538635,0.9999727010726929,0.016251467168331146
106,3622.43115234375,26.918926239013672,27,0.001171875,0.0003,3920.0,0.13900308310985565,0.9999890327453613,0.016251306980848312
107,3551.0947265625,26.26305389404297,29,0.0012586805555555556,0.0003,3872.0,0.13776719570159912,0.9999960660934448,0.0162503644824028
108,3464.4423828125,25.65079116821289,30,0.0013020833333333333,0.0003,3792.0,0.13994336128234863,1.0000070333480835,0.016252053901553154
109,3386.10205078125,25.17526626586914,28,0.0012152777777777778,0.0003,3728.0,0.13589824736118317,1.0000277757644653,0.016250215470790863
110,3326.912109375,24.51976776123047,31,0.001345486111111111,0.0003,3680.0,0.13698934018611908,1.0000320672988892,0.01625029370188713
111,3230.11474609375,23.8703670501709,30,0.0013020833333333333,0.0003,3600.0,0.13933038711547852,1.0000357627868652,0.01624893583357334
112,3149.56103515625,23.64056396484375,28,0.0012152777777777778,0.0003,3504.0,0.13521677255630493,1.000044822692871,0.01625034585595131
113,3132.564208984375,22.994291305541992,26,0.0011284722222222221,0.0003,3504.0,0.13966810703277588,1.000062108039856,0.01624959334731102
114,3011.08203125,22.550809860229492,26,0.0011284722222222221,0.0003,3392.0,0.1356198638677597,1.0000758171081543,0.016248933970928192
115,2977.24267578125,21.996238708496094,28,0.0012152777777777778,0.0003,3376.0,0.13463440537452698,1.000069260597229,0.01624971628189087
116,2936.40869140625,21.530675888061523,30,0.0013020833333333333,0.0003,3344.0,0.1349911242723465,1.0001047849655151,0.01624884270131588
117,2878.459716796875,21.16463851928711,28,0.0012152777777777778,0.0003,3280.0,0.14067111909389496,1.0000942945480347,0.016248969361186028
118,2800.56396484375,20.742385864257812,30,0.0013020833333333333,0.0003,3200.0,0.13454598188400269,1.000104308128357,0.0162492785602808
119,2758.02197265625,20.425209045410156,28,0.0012152777777777778,0.0003,3152.0,0.13820317387580872,1.0001111030578613,0.016248801723122597
120,2685.1552734375,20.0499267578125,33,0.0014322916666666666,0.0003,3088.0,0.13676691055297852,1.0001301765441895,0.01624763198196888
121,2655.033203125,19.73554039001465,36,0.0015625,0.0003,3056.0,0.1368190348148346,1.0001169443130493,0.016247905790805817
122,2602.03125,19.199167251586914,35,0.0015190972222222222,0.0003,3024.0,0.13769158720970154,1.0001367330551147,0.016247326508164406
123,2565.76611328125,18.713260650634766,33,0.0014322916666666666,0.0003,3008.0,0.13819172978401184,1.0001444816589355,0.016247369349002838
124,2499.88818359375,18.46355438232422,31,0.001345486111111111,0.0003,2928.0,0.13579830527305603,1.0001499652862549,0.01622888259589672
125,2435.34765625,18.036453247070312,36,0.0015625,0.0003,2864.0,0.13550110161304474,1.000188946723938,0.014868714846670628
126,2396.3671875,17.782180786132812,37,0.0016059027777777777,0.0003,2832.0,0.13333876430988312,1.0002130270004272,0.014849415980279446
127,2364.8916015625,17.456274032592773,39,0.0016927083333333334,0.0003,2800.0,0.13394580781459808,1.0001986026763916,0.0148489810526371
128,2287.624755859375,17.08307647705078,38,0.0016493055555555556,0.0003,2720.0,0.13671451807022095,1.0001940727233887,0.014850289560854435
129,2246.818115234375,16.80909538269043,41,0.0017795138888888889,0.0003,2688.0,0.13672485947608948,1.0002232789993286,0.014848792925477028
130,2201.33740234375,16.324268341064453,41,0.0017795138888888889,0.0003,2656.0,0.13150957226753235,1.0002026557922363,0.014847581274807453
131,2168.731689453125,16.03525161743164,42,0.0018229166666666667,0.0003,2624.0,0.1364150196313858,1.0002139806747437,0.014847931452095509
132,2114.900634765625,15.727575302124023,44,0.0019097222222222222,0.0003,2560.0,0.13218927383422852,1.0002011060714722,0.014847908169031143
133,2081.48046875,15.490457534790039,44,0.0019097222222222222,0.0003,2528.0,0.13464856147766113,1.0002219676971436,0.014849547296762466
134,2035.745361328125,15.02918529510498,44,0.0019097222222222222,0.0003,2496.0,0.1371256560087204,1.0002272129058838,0.014848347753286362
135,1997.62744140625,14.648025512695312,43,0.0018663194444444445,0.0003,2464.0,0.13415145874023438,1.0002427101135254,0.014847302809357643
136,1964.547119140625,14.612432479858398,38,0.0016493055555555556,0.0003,2416.0,0.13697297871112823,1.0002259016036987,0.014847750775516033
137,1919.7919921875,14.14617919921875,32,0.001388888888888889,0.0003,2384.0,0.13374227285385132,1.0002515316009521,0.014848276041448116
138,1869.109375,13.914060592651367,33,0.0014322916666666666,0.0003,2320.0,0.13678403198719025,1.0002492666244507,0.014827166683971882
139,1830.9178466796875,13.521003723144531,33,0.0014322916666666666,0.0003,2304.0,0.13430769741535187,1.000300645828247,0.013316885568201542
140,1804.7034912109375,13.292586326599121,35,0.0015190972222222222,0.0003,2272.0,0.13475918769836426,1.0003019571304321,0.01330388244241476
141,1742.4964599609375,13.00583267211914,32,0.001388888888888889,0.0003,2192.0,0.13596582412719727,1.0003056526184082,0.01330480445176363
142,1719.279296875,12.803080558776855,33,0.0014322916666666666,0.0003,2176.0,0.13522356748580933,1.0003118515014648,0.013305054977536201
143,1685.558349609375,12.483524322509766,34,0.0014756944444444444,0.0003,2144.0,0.1330970823764801,1.000306487083435,0.013304166495800018
144,1643.523193359375,12.236745834350586,36,0.0015625,0.0003,2096.0,0.1360909342765808,1.0003355741500854,0.013281932100653648
145,1606.654052734375,11.833051681518555,38,0.0016493055555555556,0.0003,2080.0,0.12968385219573975,1.000365972518921,0.011568953283131123
146,1572.4212646484375,11.690628051757812,39,0.0016927083333333334,0.0003,2040.0,0.1373285949230194,1.0003918409347534,0.011555611155927181
147,1549.426025390625,11.444377899169922,38,0.0016493055555555556,0.0003,2024.0,0.1324646919965744,1.0003734827041626,0.011556841433048248
148,1505.8232421875,11.225336074829102,36,0.0015625,0.0003,1976.0,0.12956026196479797,1.0004031658172607,0.011556893587112427
149,1478.25439453125,10.963400840759277,33,0.0014322916666666666,0.0003,1952.0,0.1334860920906067,1.0004124641418457,0.011554566211998463
150,1454.64453125,10.697637557983398,30,0.0013020833333333333,0.0003,1928.0,0.13488870859146118,1.0004096031188965,0.011553497985005379
151,1420.850341796875,10.38250732421875,31,0.001345486111111111,0.0003,1904.0,0.1328280121088028,1.0003917217254639,0.011555559933185577
152,1397.151123046875,10.28464126586914,32,0.001388888888888889,0.0003,1872.0,0.13380229473114014,1.0004202127456665,0.011555292643606663
153,1338.754638671875,9.979620933532715,33,0.0014322916666666666,0.0003,1808.0,0.13235338032245636,1.000434398651123,0.011553832329809666
154,1328.98095703125,9.840605735778809,31,0.001345486111111111,0.0003,1800.0,0.13567563891410828,1.0004156827926636,0.011552883312106133
155,1290.82373046875,9.552265167236328,32,0.001388888888888889,0.0003,1760.0,0.13020384311676025,1.0004135370254517,0.011553202755749226
156,1270.96728515625,9.543041229248047,32,0.001388888888888889,0.0003,1736.0,0.1342553049325943,1.000420093536377,0.011552566662430763
157,1243.34375,9.196301460266113,35,0.0015190972222222222,0.0003,1712.0,0.13265575468540192,1.0004384517669678,0.01155256200581789
158,1205.41845703125,9.032995223999023,39,0.0016927083333333334,0.0003,1664.0,0.1336263120174408,1.0004280805587769,0.011551965028047562
159,1178.609130859375,8.731810569763184,39,0.0016927083333333334,0.0003,1648.0,0.12845908105373383,1.0004355907440186,0.011553490534424782
160,1165.6082763671875,8.660310745239258,39,0.0016927083333333334,0.0003,1632.0,0.13137571513652802,1.0004369020462036,0.011553037911653519
161,1132.8609619140625,8.422453880310059,41,0.0017795138888888889,0.0003,1592.0,0.13026276230812073,1.0004582405090332,0.011552452109754086
162,1105.700439453125,8.184152603149414,40,0.001736111111111111,0.0003,1568.0,0.1323576271533966,1.0004500150680542,0.011552496813237667
163,1080.207763671875,7.986140251159668,39,0.0016927083333333334,0.0003,1536.0,0.1341239959001541,1.0004703998565674,0.011552593670785427
164,1067.5550537109375,7.871752738952637,39,0.0016927083333333334,0.0003,1528.0,0.1303422749042511,1.0004738569259644,0.011552165262401104
165,1038.3250732421875,7.695804595947266,38,0.0016493055555555556,0.0003,1496.0,0.12892422080039978,1.0004669427871704,0.01155170239508152
166,1019.7433471679688,7.527022838592529,38,0.0016493055555555556,0.0003,1480.0,0.13295525312423706,1.0004814863204956,0.01155157946050167
167,992.314697265625,7.370062828063965,39,0.0016927083333333334,0.0003,1448.0,0.13099424540996552,1.0004863739013672,0.0115515673533082
168,961.966064453125,7.163863658905029,38,0.0016493055555555556,0.0003,1416.0,0.13151270151138306,1.0004994869232178,0.011551993899047375
169,945.3732299804688,7.059869289398193,37,0.0016059027777777777,0.0003,1392.0,0.1310707926750183,1.000493049621582,0.011551468633115292
170,920.7860717773438,6.850614547729492,40,0.001736111111111111,0.0003,1368.0,0.1312858611345291,1.0005005598068237,0.011552576906979084
171,901.787841796875,6.681163787841797,44,0.0019097222222222222,0.0003,1352.0,0.12831412255764008,1.0005120038986206,0.011551768518984318
172,882.23779296875,6.538810729980469,43,0.0018663194444444445,0.0003,1328.0,0.1311989724636078,1.000517725944519,0.011552396230399609
173,868.0799560546875,6.425633430480957,41,0.0017795138888888889,0.0003,1312.0,0.13191740214824677,1.0005292892456055,0.011551879346370697
174,835.8516845703125,6.343148708343506,41,0.0017795138888888889,0.0003,1272.0,0.1272091418504715,1.0005276203155518,0.011552058160305023
175,828.7159423828125,6.09455680847168,43,0.0018663194444444445,0.0003,1264.0,0.13239745795726776,1.0005320310592651,0.011552874930202961
176,804.063720703125,5.945562362670898,43,0.0018663194444444445,0.0003,1240.0,0.1291402280330658,1.000544548034668,0.011553065851330757
177,788.4415283203125,5.851747512817383,43,0.0018663194444444445,0.0003,1216.0,0.1300196349620819,1.000551700592041,0.011552736163139343
178,763.5587768554688,5.675182342529297,44,0.0019097222222222222,0.0003,1192.0,0.13108623027801514,1.0005626678466797,0.01155264675617218
179,756.7323608398438,5.566049575805664,43,0.0018663194444444445,0.0003,1184.0,0.1303001493215561,1.0005580186843872,0.01155269518494606
180,739.7218627929688,5.495908737182617,40,0.001736111111111111,0.0003,1160.0,0.1301679015159607,1.0005621910095215,0.011552458629012108
181,718.906982421875,5.337613105773926,39,0.0016927083333333334,0.0003,1136.0,0.1327841877937317,1.0005662441253662,0.011552983894944191
182,702.0054931640625,5.272540092468262,39,0.0016927083333333334,0.0003,1120.0,0.13354602456092834,1.0005748271942139,0.011552068404853344
183,687.4293212890625,5.17270565032959,39,0.0016927083333333334,0.0003,1096.0,0.13381856679916382,1.0005860328674316,0.01155159343034029
184,669.11474609375,4.9628472328186035,40,0.001736111111111111,0.0003,1080.0,0.13085819780826569,1.000571370124817,0.011552279815077782
185,661.1034545898438,4.876312732696533,40,0.001736111111111111,0.0003,1072.0,0.13072068989276886,1.0005830526351929,0.011552724055945873
186,642.283447265625,4.733889579772949,42,0.0018229166666666667,0.0003,1048.0,0.12717963755130768,1.0005844831466675,0.011553443968296051
187,623.9300537109375,4.654116630554199,42,0.0018229166666666667,0.0003,1020.0,0.13116946816444397,1.000603199005127,0.01155267283320427
188,612.4558715820312,4.568340301513672,42,0.0018229166666666667,0.0003,1008.0,0.13113996386528015,1.0006029605865479,0.011553261429071426
189,595.39794921875,4.431815147399902,41,0.0017795138888888889,0.0003,988.0,0.12786594033241272,1.0005955696105957,0.01155295129865408
190,584.5648193359375,4.311829566955566,41,0.0017795138888888889,0.0003,972.0,0.13287252187728882,1.0006093978881836,0.011552969925105572
191,577.5809936523438,4.274487495422363,40,0.001736111111111111,0.0003,964.0,0.13442468643188477,1.0006029605865479,0.011553828604519367
192,558.5889892578125,4.162152290344238,38,0.0016493055555555556,0.0003,944.0,0.1288701444864273,1.0006332397460938,0.01155365351587534
193,545.2359008789062,4.058764934539795,40,0.001736111111111111,0.0003,924.0,0.13029251992702484,1.0006208419799805,0.011553484946489334
194,538.649169921875,3.9774224758148193,38,0.0016493055555555556,0.0003,920.0,0.1299048513174057,1.0006401538848877,0.011552688665688038
195,528.1963500976562,3.886035680770874,38,0.0016493055555555556,0.0003,904.0,0.13022638857364655,1.0006239414215088,0.011552587151527405
196,515.5513916015625,3.814070701599121,37,0.0016059027777777777,0.0003,888.0,0.12950660288333893,1.0006194114685059,0.011554217897355556
197,501.1060485839844,3.7317323684692383,37,0.0016059027777777777,0.0003,868.0,0.12947353720664978,1.000636100769043,0.011554213240742683
198,490.42779541015625,3.639338493347168,37,0.0016059027777777777,0.0003,860.0,0.1291113942861557,1.0006457567214966,0.01155359111726284
199,479.26434326171875,3.53328013420105,39,0.0016927083333333334,0.0003,840.0,0.12970080971717834,1.0006587505340576,0.011553349904716015
200,469.46527099609375,3.4738776683807373,41,0.0017795138888888889,0.0003,832.0,0.13106927275657654,1.0006427764892578,0.011553323827683926
201,461.1708984375,3.4039487838745117,44,0.0019097222222222222,0.0003,820.0,0.12818892300128937,1.0006495714187622,0.011554008349776268
202,453.5982666015625,3.3829705715179443,43,0.0018663194444444445,0.0003,812.0,0.13174913823604584,1.0006459951400757,0.011554393917322159
203,436.6827087402344,3.2418136596679688,43,0.0018663194444444445,0.0003,788.0,0.12742869555950165,1.0006663799285889,0.011554715223610401
204,431.40704345703125,3.2317569255828857,43,0.0018663194444444445,0.0003,780.0,0.13187247514724731,1.0006589889526367,0.011554586701095104
205,422.219482421875,3.14566969871521,45,0.001953125,0.0003,764.0,0.1324070394039154,1.0006722211837769,0.011554349213838577
206,410.12005615234375,3.0306968688964844,43,0.0018663194444444445,0.0003,752.0,0.12700381875038147,1.000669240951538,0.011554308235645294
207,408.3917236328125,3.014932155609131,42,0.0018229166666666667,0.0003,752.0,0.131602481007576,1.0006828308105469,0.01155481580644846
208,394.9832458496094,2.9106643199920654,43,0.0018663194444444445,0.0003,732.0,0.12758636474609375,1.000677227973938,0.011554100550711155
209,386.182861328125,2.8869504928588867,43,0.0018663194444444445,0.0003,720.0,0.12654851377010345,1.0006849765777588,0.011554653756320477
210,381.6275329589844,2.841869831085205,41,0.0017795138888888889,0.0003,712.0,0.12847892940044403,1.0006738901138306,0.011555125005543232
211,373.05377197265625,2.7665317058563232,41,0.0017795138888888889,0.0003,704.0,0.1257764995098114,1.0006860494613647,0.011555841192603111
212,368.4052734375,2.7260921001434326,40,0.001736111111111111,0.0003,696.0,0.1278197467327118,1.000688910484314,0.011555884033441544
213,362.74200439453125,2.666121244430542,38,0.0016493055555555556,0.0003,684.0,0.13312996923923492,1.000704288482666,0.01155563909560442
214,353.26605224609375,2.5877156257629395,37,0.0016059027777777777,0.0003,676.0,0.12910589575767517,1.0007113218307495,0.011554589495062828
215,341.6280517578125,2.5402207374572754,37,0.0016059027777777777,0.0003,656.0,0.12435099482536316,1.000704050064087,0.011554270051419735
216,339.89141845703125,2.5350537300109863,34,0.0014756944444444444,0.0003,656.0,0.12857402861118317,1.0007027387619019,0.0115546565502882
217,330.80181884765625,2.445720672607422,36,0.0015625,0.0003,644.0,0.12598605453968048,1.0007045269012451,0.01155471708625555
218,327.0808410644531,2.450279951095581,34,0.0014756944444444444,0.0003,632.0,0.13361790776252747,1.0007115602493286,0.011555739678442478
219,323.12750244140625,2.4047510623931885,32,0.001388888888888889,0.0003,632.0,0.1290830820798874,1.0007072687149048,0.011555402539670467
220,316.35791015625,2.342064619064331,32,0.001388888888888889,0.0003,620.0,0.13181143999099731,1.0007163286209106,0.011555016040802002
221,306.21429443359375,2.291111946105957,31,0.001345486111111111,0.0003,604.0,0.1287282407283783,1.0007073879241943,0.011555718258023262
222,302.6200866699219,2.2219982147216797,31,0.001345486111111111,0.0003,604.0,0.12659472227096558,1.0007212162017822,0.01155606284737587
223,296.9014892578125,2.2131593227386475,32,0.001388888888888889,0.0003,592.0,0.12895075976848602,1.0007050037384033,0.011556043289601803
224,290.965087890625,2.1908814907073975,32,0.001388888888888889,0.0003,580.0,0.1315494179725647,1.0007280111312866,0.01155630499124527
225,286.68548583984375,2.1526567935943604,33,0.0014322916666666666,0.0003,576.0,0.1284479796886444,1.0007256269454956,0.011555283330380917
226,281.1750793457031,2.063340902328491,34,0.0014756944444444444,0.0003,568.0,0.12705595791339874,1.0007355213165283,0.011555636301636696
227,279.35467529296875,2.0723910331726074,34,0.0014756944444444444,0.0003,568.0,0.1302146166563034,1.0007190704345703,0.011555611155927181
228,276.362060546875,2.0307140350341797,34,0.0014756944444444444,0.0003,560.0,0.13114506006240845,1.000736117362976,0.011556385084986687
229,266.9083251953125,1.992725133895874,32,0.001388888888888889,0.0003,544.0,0.12962612509727478,1.0007262229919434,0.011556336656212807
230,262.4102478027344,1.935849666595459,34,0.0014756944444444444,0.0003,540.0,0.12742529809474945,1.000736117362976,0.011556342244148254
231,261.3968200683594,1.9376890659332275,36,0.0015625,0.0003,536.0,0.1312233805656433,1.0007364749908447,0.01155601441860199
232,257.304931640625,1.8973102569580078,36,0.0015625,0.0003,532.0,0.13034117221832275,1.0007368326187134,0.011556371115148067
233,251.30014038085938,1.8657474517822266,36,0.0015625,0.0003,520.0,0.1273178905248642,1.0007383823394775,0.011555531993508339
234,247.6172332763672,1.817992091178894,37,0.0016059027777777777,0.0003,512.0,0.12951473891735077,1.0007537603378296,0.01155551616102457
235,244.64907836914062,1.807081699371338,34,0.0014756944444444444,0.0003,508.0,0.13064363598823547,1.0007438659667969,0.0115553829818964
236,240.0282440185547,1.773355484008789,34,0.0014756944444444444,0.0003,500.0,0.12898831069469452,1.0007493495941162,0.011555992066860199
237,237.57424926757812,1.7614641189575195,34,0.0014756944444444444,0.0003,492.0,0.13094711303710938,1.0007487535476685,0.011555627919733524
238,232.81222534179688,1.7316259145736694,34,0.0014756944444444444,0.0003,486.0,0.1278831511735916,1.0007658004760742,0.011556075885891914
239,227.9200439453125,1.6983590126037598,35,0.0015190972222222222,0.0003,482.0,0.12552084028720856,1.000756859779358,0.011556538753211498
240,224.7224578857422,1.681671142578125,36,0.0015625,0.0003,476.0,0.12955644726753235,1.000767469406128,0.011556456796824932
241,221.57427978515625,1.6400803327560425,33,0.0014322916666666666,0.0003,470.0,0.12776480615139008,1.0007652044296265,0.011556616052985191
242,218.52377319335938,1.6258840560913086,34,0.0014756944444444444,0.0003,464.0,0.12642237544059753,1.0007737874984741,0.011556955054402351
243,215.88302612304688,1.6058120727539062,33,0.0014322916666666666,0.0003,458.0,0.12879587709903717,1.0007765293121338,0.01155693456530571
244,209.7206268310547,1.5582598447799683,32,0.001388888888888889,0.0003,448.0,0.1265179067850113,1.0007760524749756,0.011557405814528465
245,207.9600067138672,1.5342466831207275,32,0.001388888888888889,0.0003,446.0,0.12752686440944672,1.000776767730713,0.011557826772332191
246,204.82156372070312,1.5144774913787842,32,0.001388888888888889,0.0003,438.0,0.1258361041545868,1.000788688659668,0.01155737042427063
247,202.03341674804688,1.4901883602142334,31,0.001345486111111111,0.0003,436.0,0.12745675444602966,1.0007911920547485,0.011557364836335182
248,201.03701782226562,1.484504222869873,34,0.0014756944444444444,0.0003,430.0,0.13042797148227692,1.0007946491241455,0.011557604186236858
249,198.0940399169922,1.4796617031097412,34,0.0014756944444444444,0.0003,426.0,0.1294713318347931,1.0007981061935425,0.011557431891560555
250,196.63412475585938,1.4537115097045898,34,0.0014756944444444444,0.0003,422.0,0.12850749492645264,1.000795841217041,0.011557773686945438
251,193.39230346679688,1.4301559925079346,31,0.001345486111111111,0.0003,414.0,0.13050375878810883,1.0008069276809692,0.011558170430362225
252,191.11216735839844,1.4135026931762695,30,0.0013020833333333333,0.0003,414.0,0.12736520171165466,1.0007981061935425,0.011557893827557564
253,186.67135620117188,1.368823528289795,29,0.0012586805555555556,0.0003,408.0,0.12622401118278503,1.0008090734481812,0.01155773364007473
254,184.54061889648438,1.368596076965332,31,0.001345486111111111,0.0003,398.0,0.13134028017520905,1.0008130073547363,0.011558220721781254
255,186.69070434570312,1.372736930847168,31,0.001345486111111111,0.0003,406.0,0.12938690185546875,1.0008032321929932,0.011558297090232372
256,181.1949462890625,1.3476877212524414,31,0.001345486111111111,0.0003,394.0,0.1274682879447937,1.0008244514465332,0.011558369733393192
257,180.66143798828125,1.327813744544983,29,0.0012586805555555556,0.0003,390.0,0.12937258183956146,1.0008103847503662,0.011558999307453632
258,176.05438232421875,1.3107179403305054,29,0.0012586805555555556,0.0003,384.0,0.12619510293006897,1.0008238554000854,0.01155952550470829
259,173.5875244140625,1.2919660806655884,31,0.001345486111111111,0.0003,380.0,0.12654131650924683,1.000817060470581,0.011559711769223213
260,172.07437133789062,1.270897626876831,32,0.001388888888888889,0.0003,376.0,0.12713682651519775,1.0008310079574585,0.011559725739061832
261,169.64508056640625,1.2529773712158203,33,0.0014322916666666666,0.0003,372.0,0.12622706592082977,1.0008342266082764,0.011559954844415188
262,170.9229736328125,1.2619110345840454,33,0.0014322916666666666,0.0003,370.0,0.13195359706878662,1.0008400678634644,0.011560305953025818
263,167.72882080078125,1.239668607711792,34,0.0014756944444444444,0.0003,368.0,0.1269833892583847,1.0008270740509033,0.011559681966900826
264,166.4361572265625,1.2241079807281494,34,0.0014756944444444444,0.0003,362.0,0.12777845561504364,1.0008474588394165,0.01155991293489933
265,164.40618896484375,1.209798812866211,32,0.001388888888888889,0.0003,358.0,0.12750455737113953,1.0008251667022705,0.011560501530766487
266,160.93704223632812,1.1844056844711304,31,0.001345486111111111,0.0003,354.0,0.12729035317897797,1.0008516311645508,0.011561117134988308
267,159.96971130371094,1.1909359693527222,31,0.001345486111111111,0.0003,348.0,0.12679164111614227,1.0008432865142822,0.01156146451830864
268,157.09678649902344,1.1684236526489258,31,0.001345486111111111,0.0003,344.0,0.12501153349876404,1.000848412513733,0.011561117134988308
269,156.9307861328125,1.1592166423797607,31,0.001345486111111111,0.0003,342.0,0.12840551137924194,1.0008444786071777,0.011561078950762749
270,154.3714599609375,1.142138957977295,29,0.0012586805555555556,0.0003,340.0,0.12758781015872955,1.0008597373962402,0.011561062186956406
271,153.42926025390625,1.1406590938568115,33,0.0014322916666666666,0.0003,334.0,0.12924626469612122,1.0008593797683716,0.011561554856598377
272,152.53726196289062,1.1330583095550537,33,0.0014322916666666666,0.0003,332.0,0.1262083351612091,1.0008552074432373,0.01156200747936964
273,151.22048950195312,1.129768967628479,34,0.0014756944444444444,0.0003,330.0,0.12848468124866486,1.0008623600006104,0.011562379077076912
274,148.35845947265625,1.1018297672271729,34,0.0014756944444444444,0.0003,324.0,0.1253514587879181,1.0008658170700073,0.01156290341168642
275,148.04930114746094,1.1061733961105347,35,0.0015190972222222222,0.0003,326.0,0.12700822949409485,1.0008689165115356,0.011562107130885124
276,147.09849548339844,1.0858036279678345,34,0.0014756944444444444,0.0003,320.0,0.12931391596794128,1.0008728504180908,0.011562781408429146
277,145.43865966796875,1.0914734601974487,34,0.0014756944444444444,0.0003,318.0,0.12716564536094666,1.0008740425109863,0.011564057320356369
278,143.40040588378906,1.074768304824829,36,0.0015625,0.0003,312.0,0.12748108804225922,1.0008854866027832,0.011564101092517376
279,141.79693603515625,1.0512393712997437,33,0.0014322916666666666,0.0003,310.0,0.12594757974147797,1.0008782148361206,0.011564033105969429
280,142.51531982421875,1.0486807823181152,33,0.0014322916666666666,0.0003,310.0,0.12829649448394775,1.000886082649231,0.011565114371478558
281,141.0196075439453,1.0527547597885132,32,0.001388888888888889,0.0003,302.0,0.12685605883598328,1.000884771347046,0.011565595865249634
282,138.29075622558594,1.0280063152313232,32,0.001388888888888889,0.0003,298.0,0.12769834697246552,1.0008834600448608,0.011537524871528149
283,139.68771362304688,1.0441749095916748,28,0.0012152777777777778,0.0003,300.0,0.1308661550283432,1.0009324550628662,0.009502721019089222
284,135.7666015625,1.015410304069519,24,0.0010416666666666667,0.0003,294.0,0.12627893686294556,1.0009316205978394,0.009502917528152466
285,135.02671813964844,1.009519100189209,25,0.0010850694444444445,0.0003,292.0,0.12728983163833618,1.000935673713684,0.009504122659564018
286,134.9739990234375,0.9909894466400146,27,0.001171875,0.0003,290.0,0.12723922729492188,1.0009392499923706,0.009504375047981739
287,131.91595458984375,0.981562614440918,27,0.001171875,0.0003,286.0,0.12660446763038635,1.0009483098983765,0.009504002518951893
288,133.47076416015625,0.9797700643539429,31,0.001345486111111111,0.0003,286.0,0.12703654170036316,1.0009384155273438,0.009504476562142372
289,131.20208740234375,0.9669055342674255,28,0.0012152777777777778,0.0003,282.0,0.1275070160627365,1.0009535551071167,0.009505216963589191
290,131.97642517089844,0.9674075841903687,28,0.0012152777777777778,0.0003,280.0,0.12917794287204742,1.0009452104568481,0.009505391120910645
291,127.71998596191406,0.9568092823028564,29,0.0012586805555555556,0.0003,276.0,0.1237485259771347,1.0009573698043823,0.009505441412329674
292,129.19158935546875,0.9521774053573608,30,0.0013020833333333333,0.0003,276.0,0.12692414224147797,1.0009536743164062,0.009506339207291603
293,126.5986557006836,0.9333842992782593,30,0.0013020833333333333,0.0003,272.0,0.12545284628868103,1.0009574890136719,0.009506539441645145
294,126.60173034667969,0.9365705847740173,29,0.0012586805555555556,0.0003,270.0,0.12837600708007812,1.0009652376174927,0.009506922215223312
295,124.43731689453125,0.9223111867904663,28,0.0012152777777777778,0.0003,268.0,0.12422756850719452,1.0009788274765015,0.009507108479738235
296,125.02794647216797,0.9272059202194214,28,0.0012152777777777778,0.0003,266.0,0.12893956899642944,1.0009628534317017,0.009507470764219761
297,125.77301025390625,0.9270505905151367,28,0.0012152777777777778,0.0003,268.0,0.13055741786956787,1.0009849071502686,0.009507703594863415
298,122.49267578125,0.902158260345459,28,0.0012152777777777778,0.0003,262.0,0.12622740864753723,1.0009793043136597,0.009507670067250729
299,119.94329833984375,0.8887066841125488,28,0.0012152777777777778,0.0003,258.0,0.1250435709953308,1.0009844303131104,0.00950871966779232
300,119.58363342285156,0.8924395442008972,31,0.001345486111111111,0.0003,255.0,0.1264682412147522,1.0009801387786865,0.009508728981018066
301,120.23101043701172,0.8879556059837341,30,0.0013020833333333333,0.0003,258.0,0.12800030410289764,1.000999093055725,0.009508916176855564
302,119.45500183105469,0.8911640644073486,30,0.0013020833333333333,0.0003,254.0,0.1265464872121811,1.0009933710098267,0.009508795104920864
303,119.29069519042969,0.8760368824005127,30,0.0013020833333333333,0.0003,254.0,0.12609973549842834,1.0010042190551758,0.009509406052529812
304,117.75013732910156,0.8761991858482361,32,0.001388888888888889,0.0003,250.0,0.1281510293483734,1.0010006427764893,0.009509366005659103
305,117.55147552490234,0.8795296549797058,33,0.0014322916666666666,0.0003,249.0,0.1297459900379181,1.0010123252868652,0.009509870782494545
306,116.08598327636719,0.8590929508209229,33,0.0014322916666666666,0.0003,245.0,0.12746183574199677,1.0010005235671997,0.009510811418294907
307,115.35906982421875,0.8527872562408447,31,0.001345486111111111,0.0003,246.0,0.12590578198432922,1.001010775566101,0.009511019103229046
308,113.51239013671875,0.8345438838005066,30,0.0013020833333333333,0.0003,243.0,0.12075509130954742,1.0010064840316772,0.009511508047580719
309,113.01661682128906,0.8387330770492554,34,0.0014756944444444444,0.0003,238.0,0.1244797632098198,1.0010043382644653,0.009512336924672127
310,113.25494384765625,0.8373307585716248,34,0.0014756944444444444,0.0003,239.0,0.12913140654563904,1.0010122060775757,0.009512354619801044
311,113.0882568359375,0.837266206741333,38,0.0016493055555555556,0.0003,239.0,0.12795385718345642,1.0010128021240234,0.009512078016996384
0,151.46800231933594,1.1124482154846191,0,0.0,0.0003,83.0,0.4977315366268158,0.0,0.0
1,151.23013305664062,1.1238006353378296,0,0.0,0.0003,82.5,0.4976690709590912,0.00813042838126421,0.0008666006033308804
2,73758.953125,540.30322265625,0,0.0,0.0003,34816.0,0.5034995079040527,0.986119270324707,0.10126986354589462
3,70562.984375,526.8873901367188,0,0.0,0.0003,33536.0,0.4945119321346283,0.9911909699440002,0.0754542350769043
4,70301.5,517.6970825195312,0,0.0,0.0003,33792.0,0.48503434658050537,0.9939666390419006,0.06818510591983795
5,66355.6328125,499.9439392089844,0,0.0,0.0003,32256.0,0.4689391255378723,0.994412362575531,0.06217547878623009
6,64628.7890625,483.69866943359375,0,0.0,0.0003,31872.0,0.4531696140766144,0.9952560067176819,0.05741070210933685
7,63238.41796875,468.69732666015625,0,0.0,0.0003,31616.0,0.43723949790000916,0.995773196220398,0.05593334138393402
8,60600.08984375,451.80267333984375,0,0.0,0.0003,30592.0,0.4216180741786957,0.9952893257141113,0.055145811289548874
9,59659.375,438.2608337402344,0,0.0,0.0003,30464.0,0.40483662486076355,0.9961302280426025,0.054399218410253525
10,57292.703125,424.03912353515625,0,0.0,0.0003,29696.0,0.38821887969970703,0.995915412902832,0.05205177143216133
11,54381.66796875,411.0907897949219,0,0.0,0.0003,28416.0,0.37458235025405884,0.9959463477134705,0.05134641006588936
12,53754.2578125,398.402587890625,0,0.0,0.0003,28416.0,0.35994771122932434,0.9966098666191101,0.0501033291220665
13,52161.9609375,385.6720886230469,0,0.0,0.0003,27904.0,0.3454445004463196,0.9963158965110779,0.049319420009851456
14,50469.9453125,373.39019775390625,0,0.0,0.0003,27264.0,0.33116480708122253,0.9964795708656311,0.048219189047813416
15,48655.7734375,363.350830078125,0,0.0,0.0003,26624.0,0.3229297995567322,0.9966885447502136,0.046879056841135025
16,46974.54296875,352.5125732421875,0,0.0,0.0003,25856.0,0.31236565113067627,0.9968447685241699,0.04616331309080124
17,45620.546875,341.8697509765625,0,0.0,0.0003,25344.0,0.3005719482898712,0.9968377351760864,0.044254157692193985
18,44711.59375,331.63214111328125,0,0.0,0.0003,25088.0,0.29226669669151306,0.9971856474876404,0.043330151587724686
19,43381.3671875,322.1533508300781,0,0.0,0.0003,24576.0,0.28202947974205017,0.9971613883972168,0.04240359365940094
20,42474.16796875,312.2765197753906,39,0.0016927083333333334,0.0003,24320.0,0.27353599667549133,0.9974199533462524,0.041762784123420715
21,40767.7890625,303.9283447265625,39,0.0016927083333333334,0.0003,23552.0,0.26729509234428406,0.9973136186599731,0.04124068096280098
22,39934.265625,294.58575439453125,40,0.001736111111111111,0.0003,23296.0,0.257781058549881,0.9974594116210938,0.041127465665340424
23,38671.37109375,286.2439270019531,38,0.0016493055555555556,0.0003,22784.0,0.25395897030830383,0.9975572824478149,0.041120730340480804
24,37557.0234375,278.0579528808594,40,0.001736111111111111,0.0003,22272.0,0.2470203936100006,0.9975590705871582,0.04029557853937149
25,36688.8828125,270.1565246582031,40,0.001736111111111111,0.0003,22016.0,0.24363335967063904,0.9977971911430359,0.039644673466682434
26,35463.37890625,261.7630615234375,39,0.0016927083333333334,0.0003,21504.0,0.23625607788562775,0.99781733751297,0.03952483832836151
27,34372.4921875,254.92977905273438,39,0.0016927083333333334,0.0003,20992.0,0.2279977649450302,0.9979521036148071,0.039095956832170486
28,33378.2265625,247.59814453125,37,0.0016059027777777777,0.0003,20480.0,0.22504408657550812,0.9981165528297424,0.0385383665561676
29,32555.765625,240.02920532226562,37,0.0016059027777777777,0.0003,20224.0,0.21940359473228455,0.9982536435127258,0.03797256946563721
30,31424.333984375,233.22227478027344,37,0.0016059027777777777,0.0003,19712.0,0.21318724751472473,0.9982333779335022,0.03785713016986847
31,30862.990234375,226.2189178466797,38,0.0016493055555555556,0.0003,19456.0,0.20936016738414764,0.9983737468719482,0.0373971201479435
32,29395.623046875,219.93142700195312,38,0.0016493055555555556,0.0003,18688.0,0.20346307754516602,0.9983477592468262,0.037281349301338196
33,28935.24609375,212.7747802734375,40,0.001736111111111111,0.0003,18560.0,0.2025633156299591,0.998359203338623,0.036826860159635544
34,27881.67578125,206.85891723632812,39,0.0016927083333333334,0.0003,18048.0,0.20106184482574463,0.9983761310577393,0.036701854318380356
35,27318.3828125,200.7071533203125,36,0.0015625,0.0003,17792.0,0.19842292368412018,0.998346209526062,0.036702096462249756
36,26193.021484375,194.36279296875,35,0.0015190972222222222,0.0003,17280.0,0.19185130298137665,0.9983578324317932,0.03669729828834534
37,25729.248046875,188.8221893310547,36,0.0015625,0.0003,17152.0,0.1913681924343109,0.9984204173088074,0.036199603229761124
38,24751.052734375,183.478271484375,37,0.0016059027777777777,0.0003,16640.0,0.18951891362667084,0.998490571975708,0.0355980210006237
39,24036.974609375,177.66482543945312,41,0.0017795138888888889,0.0003,16256.0,0.18775618076324463,0.9984844923019409,0.0355047881603241
40,23401.73046875,172.4896240234375,45,0.001953125,0.0003,16000.0,0.1838398426771164,0.9985094666481018,0.03550511226058006
41,22755.38671875,167.8101043701172,41,0.0017795138888888889,0.0003,15616.0,0.18238915503025055,0.9985048174858093,0.03550438955426216
42,22082.86328125,162.4383544921875,39,0.0016927083333333334,0.0003,15360.0,0.17763705551624298,0.9985253214836121,0.03549471125006676
43,21326.068359375,158.19264221191406,38,0.0016493055555555556,0.0003,14912.0,0.17646196484565735,0.9985675811767578,0.03451177850365639
44,20243.1015625,153.49246215820312,37,0.0016059027777777777,0.0003,14272.0,0.17503595352172852,0.9986136555671692,0.03425827994942665
45,20052.45703125,149.47544860839844,36,0.0015625,0.0003,14208.0,0.1749589741230011,0.9986547827720642,0.033707503229379654
46,19670.99609375,144.84059143066406,36,0.0015625,0.0003,14080.0,0.1732638031244278,0.9986667633056641,0.03362699970602989
47,19040.46484375,140.8223876953125,36,0.0015625,0.0003,13760.0,0.17214533686637878,0.9986669421195984,0.03362623229622841
48,18307.3671875,137.40740966796875,35,0.0015190972222222222,0.0003,13248.0,0.16854766011238098,0.9986885190010071,0.03362765535712242
49,17887.82421875,133.73431396484375,36,0.0015625,0.0003,13056.0,0.16851654648780823,0.9986953139305115,0.033627595752477646
50,17550.5,130.06053161621094,39,0.0016927083333333334,0.0003,12928.0,0.16375190019607544,0.9987087845802307,0.03362749144434929
51,17098.421875,126.21932220458984,38,0.0016493055555555556,0.0003,12672.0,0.16640853881835938,0.9987244606018066,0.03362801671028137
52,16485.912109375,122.67185974121094,38,0.0016493055555555556,0.0003,12352.0,0.1652405709028244,0.9987474679946899,0.03362228348851204
53,16195.85546875,119.33626556396484,36,0.0015625,0.0003,12224.0,0.16868337988853455,0.9987759590148926,0.03303752839565277
54,15799.388671875,115.94578552246094,35,0.0015190972222222222,0.0003,11968.0,0.16394908726215363,0.9988388419151306,0.032388780266046524
55,15223.212890625,112.87255096435547,36,0.0015625,0.0003,11648.0,0.16154006123542786,0.9988488554954529,0.032308463007211685
56,14905.298828125,109.49919128417969,38,0.0016493055555555556,0.0003,11456.0,0.16277092695236206,0.9988981485366821,0.03170251473784447
57,14544.099609375,106.60630798339844,37,0.0016059027777777777,0.0003,11264.0,0.16108568012714386,0.9989290833473206,0.03163919225335121
58,13954.6484375,103.79439544677734,38,0.0016493055555555556,0.0003,10880.0,0.16113993525505066,0.9989368319511414,0.03162531554698944
59,13429.615234375,101.12276458740234,38,0.0016493055555555556,0.0003,10560.0,0.162655308842659,0.9989838004112244,0.030368290841579437
60,13327.2451171875,98.03109741210938,38,0.0016493055555555556,0.0003,10560.0,0.15781912207603455,0.9990391731262207,0.03024044632911682
61,12988.583984375,94.83416748046875,39,0.0016927083333333334,0.0003,10368.0,0.15774129331111908,0.999030590057373,0.03024020604789257
62,12485.4921875,92.72535705566406,42,0.0018229166666666667,0.0003,10048.0,0.15453694760799408,0.9990624785423279,0.030240226536989212
63,12122.7763671875,90.09046936035156,43,0.0018663194444444445,0.0003,9792.0,0.15390880405902863,0.9990476965904236,0.0302396472543478
64,11770.9326171875,87.42985534667969,45,0.001953125,0.0003,9600.0,0.15611547231674194,0.9990683197975159,0.030240146443247795
65,11510.859375,85.14359283447266,43,0.0018663194444444445,0.0003,9472.0,0.15552589297294617,0.9990536570549011,0.03023926168680191
66,11155.99609375,82.49453735351562,42,0.0018229166666666667,0.0003,9216.0,0.15460188686847687,0.999068558216095,0.030238838866353035
67,10817.26171875,80.13351440429688,41,0.0017795138888888889,0.0003,9024.0,0.15317730605602264,0.9990745186805725,0.030239563435316086
68,10403.625,77.92485046386719,39,0.0016927083333333334,0.0003,8768.0,0.1507413238286972,0.9990648031234741,0.03023892268538475
69,10209.6298828125,75.35088348388672,37,0.0016059027777777777,0.0003,8704.0,0.1510649025440216,0.9990790486335754,0.03023073635995388
70,9841.3251953125,73.64022064208984,37,0.0016059027777777777,0.0003,8384.0,0.15242767333984375,0.9991101026535034,0.029552526772022247
71,9724.5517578125,71.67823791503906,38,0.0016493055555555556,0.0003,8384.0,0.15180130302906036,0.9991530776023865,0.028816621750593185
72,9298.1728515625,69.55968475341797,41,0.0017795138888888889,0.0003,8064.0,0.15027008950710297,0.99916672706604,0.028770687058568
73,9145.30859375,67.46189880371094,41,0.0017795138888888889,0.0003,8000.0,0.1484886258840561,0.9991728067398071,0.02877129428088665
74,8791.8173828125,65.76360321044922,37,0.0016059027777777777,0.0003,7712.0,0.15111669898033142,0.9991713762283325,0.028771206736564636
75,8501.5068359375,64.181640625,38,0.0016493055555555556,0.0003,7488.0,0.15013809502124786,0.9991538524627686,0.02877243608236313
76,8346.947265625,61.89031219482422,38,0.0016493055555555556,0.0003,7456.0,0.14780230820178986,0.999133825302124,0.028773842379450798
77,8205.529296875,60.166770935058594,38,0.0016493055555555556,0.0003,7392.0,0.14747560024261475,0.999143660068512,0.02877458557486534
78,7935.6015625,58.5614013671875,40,0.001736111111111111,0.0003,7200.0,0.1475740224123001,0.9991168975830078,0.028774961829185486
79,7699.44921875,56.899818420410156,38,0.0016493055555555556,0.0003,7040.0,0.14659763872623444,0.9991351962089539,0.02877606265246868
80,7532.314453125,55.285858154296875,39,0.0016927083333333334,0.0003,6944.0,0.14452430605888367,0.9991209506988525,0.028759736567735672
81,7253.56787109375,54.095760345458984,39,0.0016927083333333334,0.0003,6720.0,0.14344601333141327,0.9992024898529053,0.02735919877886772
82,7105.1064453125,52.394187927246094,38,0.0016493055555555556,0.0003,6624.0,0.14512719213962555,0.9992162585258484,0.02722996473312378
83,6928.9228515625,50.99819564819336,38,0.0016493055555555556,0.0003,6528.0,0.14571262896060944,0.9992380738258362,0.02723025158047676
84,6727.482421875,49.517784118652344,38,0.0016493055555555556,0.0003,6400.0,0.14411096274852753,0.9992569088935852,0.027230000123381615
85,6575.9609375,48.2122917175293,38,0.0016493055555555556,0.0003,6304.0,0.14479827880859375,0.9992532730102539,0.0272306390106678
86,6340.26904296875,47.315242767333984,41,0.0017795138888888889,0.0003,6080.0,0.14751654863357544,0.9992677569389343,0.027229025959968567
87,6152.37451171875,45.80724334716797,44,0.0019097222222222222,0.0003,5952.0,0.14299647510051727,0.9992771148681641,0.027230266481637955
88,6054.21875,44.64171600341797,43,0.0018663194444444445,0.0003,5920.0,0.1457984894514084,0.9992763996124268,0.02722851000726223
89,5861.94482421875,43.524471282958984,46,0.0019965277777777776,0.0003,5760.0,0.14170855283737183,0.9992914199829102,0.02722930535674095
90,5723.35302734375,42.290672302246094,43,0.0018663194444444445,0.0003,5664.0,0.14553850889205933,0.9993038773536682,0.027228249236941338
91,5561.1171875,41.31481170654297,42,0.0018229166666666667,0.0003,5536.0,0.14357511699199677,0.9993158578872681,0.02722894586622715
92,5415.03515625,40.24812316894531,40,0.001736111111111111,0.0003,5440.0,0.1441413015127182,0.9993165731430054,0.027228282764554024
93,5254.8408203125,38.99945068359375,40,0.001736111111111111,0.0003,5312.0,0.14396396279335022,0.9993486404418945,0.0272171963006258
94,5125.01953125,38.39469528198242,38,0.0016493055555555556,0.0003,5216.0,0.13983501493930817,0.9993751049041748,0.026457151398062706
95,5000.3037109375,37.25422668457031,38,0.0016493055555555556,0.0003,5120.0,0.1435820758342743,0.9994146227836609,0.026408027857542038
96,4860.98193359375,36.300987243652344,37,0.0016059027777777777,0.0003,5024.0,0.14014333486557007,0.9994428157806396,0.025605661794543266
0,150.85191345214844,1.1121487617492676,0,0.0,0.0003,83.0,0.4994429051876068,0.0,0.0
1,151.78746032714844,1.124709963798523,0,0.0,0.0003,83.5,0.4996393918991089,0.0081296656280756,0.0008766002138145268
2,73972.3671875,552.7108154296875,0,0.0,0.0003,34560.0,0.504859447479248,0.9860848784446716,0.10261686146259308
3,72146.140625,539.9758911132812,0,0.0,0.0003,34048.0,0.4963957965373993,0.9912323951721191,0.07419472932815552
4,71471.296875,529.6312255859375,0,0.0,0.0003,33792.0,0.48725026845932007,0.9942764639854431,0.06546162813901901
5,68938.5859375,510.9390869140625,0,0.0,0.0003,33024.0,0.4715084731578827,0.9945758581161499,0.061473019421100616
6,66444.4296875,495.8394470214844,0,0.0,0.0003,32384.0,0.45488035678863525,0.9954484701156616,0.05702895671129227
7,64779.7109375,479.10345458984375,0,0.0,0.0003,31872.0,0.4387136697769165,0.9958842396736145,0.053643226623535156
8,62029.38671875,462.9389343261719,0,0.0,0.0003,30976.0,0.4220638871192932,0.9956399202346802,0.0517331063747406
9,60097.23046875,449.240478515625,0,0.0,0.0003,30336.0,0.40472057461738586,0.9966263771057129,0.049023617058992386
10,58783.19921875,434.6650390625,0,0.0,0.0003,30080.0,0.39136555790901184,0.9965372681617737,0.044786665588617325
11,57406.80859375,421.1549072265625,0,0.0,0.0003,29696.0,0.3764360249042511,0.9969123005867004,0.04250987619161606
12,55588.1953125,408.045654296875,0,0.0,0.0003,29056.0,0.3608595132827759,0.9972007870674133,0.041760530322790146
13,52966.57421875,396.3709411621094,0,0.0,0.0003,27904.0,0.34875208139419556,0.9971515536308289,0.04083827883005142
14,52258.28125,383.7064208984375,0,0.0,0.0003,27904.0,0.3325565755367279,0.9972653388977051,0.03977527841925621
15,51402.0,371.311767578125,0,0.0,0.0003,27776.0,0.32209548354148865,0.9973646402359009,0.03951142355799675
16,48676.765625,361.28509521484375,0,0.0,0.0003,26496.0,0.31133338809013367,0.9975350499153137,0.039519913494586945
17,46536.82421875,351.033447265625,0,0.0,0.0003,25600.0,0.30350053310394287,0.9973296523094177,0.03950098901987076
18,45701.07421875,340.74072265625,0,0.0,0.0003,25344.0,0.2909257709980011,0.9974899291992188,0.03910565376281738
19,44722.66796875,330.34771728515625,0,0.0,0.0003,25088.0,0.28259599208831787,0.9975926876068115,0.03854246437549591
20,43446.99609375,320.7503662109375,31,0.001345486111111111,0.0003,24576.0,0.2741026282310486,0.9975852370262146,0.03839656710624695
21,42165.98046875,311.9393310546875,31,0.001345486111111111,0.0003,24064.0,0.2669692933559418,0.9976491332054138,0.03753509372472763
22,40858.5390625,303.2384338378906,32,0.001388888888888889,0.0003,23552.0,0.26316672563552856,0.9978672862052917,0.036820732057094574
23,39983.03515625,293.9602966308594,31,0.001345486111111111,0.0003,23296.0,0.25321096181869507,0.9977864623069763,0.03668244183063507
24,38119.61328125,286.09344482421875,31,0.001345486111111111,0.0003,22272.0,0.2423020303249359,0.9978964328765869,0.03668801113963127
25,37092.01171875,278.3028259277344,33,0.0014322916666666666,0.0003,21888.0,0.24392132461071014,0.9981470704078674,0.036233089864254
26,36304.36328125,269.62420654296875,34,0.0014756944444444444,0.0003,21632.0,0.2321178913116455,0.9980470538139343,0.03609833866357803
27,35540.69921875,261.1685791015625,34,0.0014756944444444444,0.0003,21376.0,0.2276032418012619,0.9981846809387207,0.03610355406999588
28,34448.46484375,254.25767517089844,34,0.0014756944444444444,0.0003,20864.0,0.22073669731616974,0.9983024001121521,0.036109670996665955
29,33596.90625,246.7017822265625,39,0.0016927083333333334,0.0003,20608.0,0.219318225979805,0.9984502196311951,0.03611146658658981
30,32350.958984375,239.8504638671875,41,0.0017795138888888889,0.0003,19968.0,0.2167503386735916,0.9984556436538696,0.03611168637871742
31,31556.453125,232.62200927734375,42,0.0018229166666666667,0.0003,19712.0,0.21187616884708405,0.9984878897666931,0.03611171618103981
32,30390.09765625,226.7802734375,43,0.0018663194444444445,0.0003,19072.0,0.20560404658317566,0.9985129833221436,0.036110978573560715
33,29866.7578125,218.89498901367188,50,0.002170138888888889,0.0003,18944.0,0.20150892436504364,0.9984626173973083,0.03610827773809433
34,28546.185546875,213.24070739746094,49,0.002126736111111111,0.0003,18304.0,0.201213076710701,0.9984066486358643,0.03610850125551224
35,27791.677734375,206.44943237304688,49,0.002126736111111111,0.0003,17920.0,0.1949101835489273,0.9984146952629089,0.036108165979385376
36,27071.77734375,200.82284545898438,48,0.0020833333333333333,0.0003,17664.0,0.19336658716201782,0.9983944892883301,0.036109037697315216
37,26182.69921875,194.02044677734375,49,0.002126736111111111,0.0003,17280.0,0.18702249228954315,0.9984469413757324,0.03610439598560333
38,25378.37109375,188.366455078125,50,0.002170138888888889,0.0003,16896.0,0.18965217471122742,0.9984586238861084,0.03560194373130798
39,24649.52734375,182.68060302734375,51,0.0022135416666666666,0.0003,16512.0,0.17975659668445587,0.9984970092773438,0.03549925237894058
40,23896.1171875,177.54393005371094,41,0.0017795138888888889,0.0003,16128.0,0.18672756850719452,0.9985253214836121,0.034984201192855835
41,23132.388671875,172.20175170898438,42,0.0018229166666666667,0.0003,15744.0,0.18026427924633026,0.9985287189483643,0.03487168997526169
42,22860.5390625,166.63168334960938,42,0.0018229166666666667,0.0003,15744.0,0.17860515415668488,0.9986182451248169,0.03324900195002556
43,21759.23046875,163.2099609375,45,0.001953125,0.0003,14976.0,0.1779804676771164,0.9986947178840637,0.03297130763530731
44,21265.34765625,157.44625854492188,44,0.0019097222222222222,0.0003,14848.0,0.17516843974590302,0.9987066984176636,0.03240013122558594
45,20687.673828125,153.65838623046875,40,0.001736111111111111,0.0003,14528.0,0.17322558164596558,0.998731791973114,0.03231450542807579
46,20091.8671875,149.18104553222656,42,0.0018229166666666667,0.0003,14208.0,0.17353422939777374,0.998751163482666,0.03231451287865639
47,19518.5,144.71749877929688,44,0.0019097222222222222,0.0003,13952.0,0.17052358388900757,0.9987674355506897,0.032315921038389206
48,18910.109375,140.67123413085938,43,0.0018663194444444445,0.0003,13568.0,0.16896659135818481,0.9987878203392029,0.03231525048613548
49,18419.8359375,137.1845245361328,39,0.0016927083333333334,0.0003,13312.0,0.1713380664587021,0.9987788200378418,0.032314956188201904
50,18063.046875,132.98362731933594,38,0.0016493055555555556,0.0003,13184.0,0.16612303256988525,0.9988039135932922,0.03230931982398033
51,17541.578125,129.76318359375,39,0.0016927083333333334,0.0003,12864.0,0.16563543677330017,0.9988341927528381,0.03172283247113228
52,16938.71875,126.04644012451172,41,0.0017795138888888889,0.0003,12480.0,0.1656954437494278,0.9988686442375183,0.03163944184780121
53,16369.7490234375,123.3086166381836,40,0.001736111111111111,0.0003,12096.0,0.1661066710948944,0.9988866448402405,0.03163899481296539
54,16082.314453125,119.125732421875,39,0.0016927083333333334,0.0003,12032.0,0.16194908320903778,0.9989007115364075,0.03163957968354225
55,15607.3359375,116.13057708740234,37,0.0016059027777777777,0.0003,11776.0,0.16122208535671234,0.9989175796508789,0.03163906931877136
56,15304.927734375,112.52413177490234,37,0.0016059027777777777,0.0003,11648.0,0.1608666330575943,0.9989013671875,0.03163864091038704
57,14695.646484375,109.95213317871094,37,0.0016059027777777777,0.0003,11200.0,0.1638500690460205,0.9989161491394043,0.03163856640458107
58,14349.638671875,106.3516845703125,37,0.0016059027777777777,0.0003,11072.0,0.16009360551834106,0.9988976716995239,0.0316382497549057
59,13905.7265625,104.14895629882812,38,0.0016493055555555556,0.0003,10752.0,0.16105592250823975,0.9989220499992371,0.031632062047719955
60,13668.46484375,100.75255584716797,36,0.0015625,0.0003,10688.0,0.16115494072437286,0.9989668130874634,0.031010091304779053
61,13373.212890625,97.36495971679688,37,0.0016059027777777777,0.0003,10560.0,0.15897929668426514,0.9990044832229614,0.03094838187098503
62,12881.90625,95.39212036132812,35,0.0015190972222222222,0.0003,10240.0,0.15839530527591705,0.9990002512931824,0.030939942225813866
63,12526.259765625,92.13864135742188,35,0.0015190972222222222,0.0003,10048.0,0.1581474393606186,0.9990422129631042,0.03030908666551113
64,12127.052734375,89.95259094238281,35,0.0015190972222222222,0.0003,9792.0,0.15570975840091705,0.9990513324737549,0.03023100644350052
65,11776.8349609375,87.37346649169922,37,0.0016059027777777777,0.0003,9536.0,0.15586921572685242,0.9990719556808472,0.029566314071416855
66,11475.6279296875,84.71444702148438,37,0.0016059027777777777,0.0003,9408.0,0.1564018279314041,0.9991081357002258,0.029514648020267487
67,11086.521484375,82.37080383300781,35,0.0015190972222222222,0.0003,9152.0,0.1563466489315033,0.999092698097229,0.0295138917863369
68,10744.7734375,80.21702575683594,35,0.0015190972222222222,0.0003,8896.0,0.15426915884017944,0.999098539352417,0.029514087364077568
69,10471.56640625,77.61482238769531,34,0.0014756944444444444,0.0003,8768.0,0.15618778765201569,0.9991028308868408,0.02951400727033615
70,10195.115234375,75.7023696899414,35,0.0015190972222222222,0.0003,8576.0,0.15303802490234375,0.9991145133972168,0.029513923451304436
71,9926.0400390625,73.40767669677734,36,0.0015625,0.0003,8384.0,0.15223151445388794,0.9991123080253601,0.029514210298657417
72,9621.734375,70.99777221679688,35,0.0015190972222222222,0.0003,8256.0,0.15132379531860352,0.9991235136985779,0.029514126479625702
73,9326.94140625,69.25910186767578,35,0.0015190972222222222,0.0003,8000.0,0.1533571034669876,0.9991241693496704,0.029514174908399582
74,9091.0224609375,67.61265563964844,35,0.0015190972222222222,0.0003,7840.0,0.1546480804681778,0.9990912675857544,0.02951502986252308
75,8822.98828125,65.36175537109375,34,0.0014756944444444444,0.0003,7680.0,0.15210741758346558,0.9990907907485962,0.029516829177737236
76,8569.9052734375,63.65387725830078,36,0.0015625,0.0003,7520.0,0.1516251564025879,0.9990749955177307,0.02951749414205551
77,8396.345703125,61.68102264404297,37,0.0016059027777777777,0.0003,7456.0,0.1503525674343109,0.9990682005882263,0.029518626630306244
78,8111.4140625,60.192195892333984,40,0.001736111111111111,0.0003,7232.0,0.14784444868564606,0.9990624785423279,0.02951955795288086
79,7919.04638671875,58.21726608276367,41,0.0017795138888888889,0.0003,7136.0,0.14982876181602478,0.9990902543067932,0.029520539566874504
80,7660.08740234375,56.86940002441406,41,0.0017795138888888889,0.0003,6912.0,0.14689500629901886,0.9990538954734802,0.02951987460255623
81,7455.78515625,55.290802001953125,40,0.001736111111111111,0.0003,6784.0,0.14761073887348175,0.9990753531455994,0.02952050231397152
82,7311.8037109375,53.56822967529297,41,0.0017795138888888889,0.0003,6720.0,0.1489357054233551,0.9990665316581726,0.02951984852552414
83,7028.548828125,52.32418441772461,41,0.0017795138888888889,0.0003,6496.0,0.14727605879306793,0.9990795850753784,0.029511794447898865
84,6884.75390625,51.049190521240234,42,0.0018229166666666667,0.0003,6400.0,0.14604365825653076,0.999121904373169,0.028806135058403015
85,6678.140625,49.244956970214844,41,0.0017795138888888889,0.0003,6304.0,0.1456507444381714,0.9991433024406433,0.02877788245677948
86,6524.8349609375,48.332489013671875,41,0.0017795138888888889,0.0003,6176.0,0.1498410552740097,0.9991572499275208,0.028777964413166046
87,6326.578125,47.018184661865234,41,0.0017795138888888889,0.0003,6016.0,0.1505361795425415,0.9991681575775146,0.02877693623304367
88,6172.5341796875,45.60472869873047,38,0.0016493055555555556,0.0003,5952.0,0.14689543843269348,0.9991751909255981,0.02877722680568695
89,6012.412109375,44.310420989990234,39,0.0016927083333333334,0.0003,5824.0,0.1449536681175232,0.9991829991340637,0.028777386993169785
90,5813.9697265625,43.27845001220703,41,0.0017795138888888889,0.0003,5664.0,0.1425943225622177,0.999189555644989,0.02877660281956196
91,5690.802734375,42.13933181762695,44,0.0019097222222222222,0.0003,5600.0,0.14362776279449463,0.9992181062698364,0.02877744846045971
92,5542.4501953125,41.09086608886719,45,0.001953125,0.0003,5472.0,0.14687643945217133,0.9992406368255615,0.02877730131149292
93,5406.333984375,39.91173553466797,45,0.001953125,0.0003,5376.0,0.1460096538066864,0.9992536902427673,0.02877745032310486
94,5268.947265625,38.901729583740234,45,0.001953125,0.0003,5280.0,0.1456208974123001,0.9992577433586121,0.028777023777365685
95,5124.90478515625,37.811424255371094,46,0.0019965277777777776,0.0003,5184.0,0.1424371600151062,0.9992799758911133,0.028776349499821663
96,4969.1923828125,36.74447250366211,48,0.0020833333333333333,0.0003,5056.0,0.14125341176986694,0.9992988109588623,0.028776012361049652
0,151.175048828125,1.112241506576538,-0.11224138736724854,0,0.0,0.0003,83.0,0.5030163526535034,0.0,0.0
1,152.275146484375,1.1245639324188232,-0.12456393241882324,0,0.0,0.0003,83.5,0.5027860999107361,0.008139355108141899,0.0008148630731739104
2,75100.515625,561.3087158203125,-560.3087158203125,0,0.0,0.0003,34816.0,0.5082423090934753,0.9872419834136963,0.09466243535280228
3,73753.3828125,546.502685546875,-545.502685546875,0,0.0,0.0003,34304.0,0.4993242025375366,0.9917963743209839,0.07239075750112534
4,72893.5,538.949462890625,-537.949462890625,0,0.0,0.0003,34304.0,0.4902999997138977,0.9944208860397339,0.0641883909702301
5,70632.546875,518.3424682617188,-517.3424682617188,0,0.0,0.0003,33536.0,0.47460243105888367,0.9948410391807556,0.0584992878139019
6,67673.625,502.29608154296875,-501.29608154296875,0,0.0,0.0003,32640.0,0.45759356021881104,0.995522141456604,0.056118402630090714
7,66041.8125,486.7890625,-485.7890625,0,0.0,0.0003,32256.0,0.4411888122558594,0.9957505464553833,0.05420108512043953
8,63235.07421875,470.44927978515625,-469.44927978515625,0,0.0,0.0003,31232.0,0.4250156879425049,0.9956499338150024,0.05288119241595268
9,61670.19921875,456.1917419433594,-455.1917419433594,0,0.0,0.0003,30848.0,0.40757566690444946,0.9963770508766174,0.05165322497487068
10,59239.0234375,441.41497802734375,-440.41497802734375,0,0.0,0.0003,29952.0,0.3921920955181122,0.9959878325462341,0.050361208617687225
11,57571.96875,427.05438232421875,-426.05438232421875,0,0.0,0.0003,29440.0,0.37989604473114014,0.9962746500968933,0.04808720201253891
12,56004.796875,415.0461120605469,-414.0461120605469,0,0.0,0.0003,28928.0,0.3637872636318207,0.9968748688697815,0.0470871664583683
13,54037.078125,401.74658203125,-400.74658203125,0,0.0,0.0003,28288.0,0.3523537516593933,0.9966498613357544,0.044848136603832245
14,52688.80859375,389.58905029296875,-388.58905029296875,0,0.0,0.0003,27904.0,0.337870717048645,0.996997594833374,0.04376785457134247
15,51007.69921875,378.2076110839844,-377.2076110839844,0,0.0,0.0003,27264.0,0.32756805419921875,0.9972758293151855,0.04175499454140663
16,49419.0,367.14324951171875,-366.14324951171875,0,0.0,0.0003,26624.0,0.31438708305358887,0.9972041249275208,0.0407118946313858
17,47809.88671875,356.29083251953125,-355.29083251953125,0,0.0,0.0003,25984.0,0.30326980352401733,0.9973804354667664,0.03976781666278839
18,46077.3671875,346.58831787109375,-345.58831787109375,0,0.0,0.0003,25344.0,0.2969776690006256,0.9975053668022156,0.03867771849036217
19,45403.84375,335.68438720703125,-334.68438720703125,0,0.0,0.0003,25216.0,0.2829155921936035,0.9975947141647339,0.03839442878961563
20,44055.2578125,326.0983581542969,-325.0983581542969,32,0.001388888888888889,0.0003,24704.0,0.2767978310585022,0.9976108074188232,0.03753332421183586
21,42801.828125,316.94500732421875,-315.94500732421875,32,0.001388888888888889,0.0003,24192.0,0.2706565856933594,0.9977064728736877,0.03726710379123688
22,41749.5859375,307.3609313964844,-306.3609313964844,33,0.0014322916666666666,0.0003,23808.0,0.2606610655784607,0.9978176951408386,0.03727085888385773
23,40182.4921875,299.94354248046875,-298.94354248046875,32,0.001388888888888889,0.0003,23040.0,0.2583662271499634,0.9978556632995605,0.037273604422807693
24,39184.8984375,290.5279846191406,-289.5279846191406,33,0.0014322916666666666,0.0003,22784.0,0.2494792640209198,0.9978616833686829,0.03726617246866226
25,38478.09375,281.87506103515625,-280.87506103515625,33,0.0014322916666666666,0.0003,22528.0,0.24176916480064392,0.9979404211044312,0.03681675344705582
26,37205.7734375,274.2594299316406,-273.2594299316406,30,0.0013020833333333333,0.0003,22016.0,0.23631829023361206,0.9980989694595337,0.036690372973680496
27,35983.9296875,266.7626037597656,-265.7626037597656,31,0.001345486111111111,0.0003,21376.0,0.23077470064163208,0.9981589913368225,0.036215927451848984
28,34704.26171875,259.3560791015625,-258.3560791015625,31,0.001345486111111111,0.0003,20864.0,0.22509723901748657,0.9983112215995789,0.035130396485328674
29,33914.67578125,252.01512145996094,-251.01512145996094,31,0.001345486111111111,0.0003,20480.0,0.2227712869644165,0.9984801411628723,0.034387264400720596
30,32591.841796875,244.85130310058594,-243.85130310058594,31,0.001345486111111111,0.0003,19840.0,0.21270328760147095,0.9985482096672058,0.034266699105501175
31,32078.5859375,237.71482849121094,-236.71482849121094,29,0.0012586805555555556,0.0003,19712.0,0.21434029936790466,0.9986283183097839,0.03426634892821312
32,31374.09375,230.51992797851562,-229.51992797851562,29,0.0012586805555555556,0.0003,19456.0,0.20906880497932434,0.9985895752906799,0.034259382635354996
33,29935.96875,223.9998779296875,-222.9998779296875,28,0.0012152777777777778,0.0003,18816.0,0.20387598872184753,0.998616635799408,0.03373997285962105
34,29245.23046875,217.57650756835938,-216.57650756835938,33,0.0014322916666666666,0.0003,18560.0,0.2031044065952301,0.998633861541748,0.03362035006284714
35,28453.7890625,210.97116088867188,-209.97116088867188,34,0.0014756944444444444,0.0003,18176.0,0.1977638304233551,0.9986165761947632,0.03308474272489548
36,27625.05859375,205.08872985839844,-204.08872985839844,36,0.0015625,0.0003,17792.0,0.19781672954559326,0.9986392855644226,0.032971594482660294
37,26790.56640625,198.7178192138672,-197.7178192138672,36,0.0015625,0.0003,17408.0,0.18895094096660614,0.9986993670463562,0.03242473304271698
38,26018.01953125,193.2313232421875,-192.2313232421875,36,0.0015625,0.0003,17024.0,0.19107326865196228,0.9987176656723022,0.032308489084243774
39,25143.404296875,187.01763916015625,-186.01763916015625,34,0.0014756944444444444,0.0003,16640.0,0.1859247088432312,0.9987406730651855,0.031741127371788025
40,24528.8515625,181.8502655029297,-180.8502655029297,33,0.0014322916666666666,0.0003,16320.0,0.18426412343978882,0.9987757802009583,0.03163716197013855
41,23969.015625,176.04177856445312,-175.04177856445312,32,0.001388888888888889,0.0003,16128.0,0.178330659866333,0.9987543821334839,0.031623851507902145
42,23179.599609375,171.62181091308594,-170.62181091308594,32,0.001388888888888889,0.0003,15680.0,0.18282276391983032,0.9988205432891846,0.030459603294730186
43,22480.1796875,165.84783935546875,-164.84783935546875,31,0.001345486111111111,0.0003,15360.0,0.18057692050933838,0.9988476634025574,0.03023671917617321
44,21847.083984375,161.71868896484375,-160.71868896484375,31,0.001345486111111111,0.0003,15040.0,0.18036837875843048,0.9988703727722168,0.03023781254887581
45,21162.349609375,156.85740661621094,-155.85740661621094,34,0.0014756944444444444,0.0003,14720.0,0.1707667112350464,0.9988505244255066,0.03022933192551136
46,20405.515625,153.04232788085938,-152.04232788085938,34,0.0014756944444444444,0.0003,14272.0,0.17391620576381683,0.9989079833030701,0.02960345894098282
47,20082.349609375,149.13124084472656,-148.13124084472656,36,0.0015625,0.0003,14144.0,0.17272356152534485,0.9989149570465088,0.029512392356991768
48,19369.68359375,145.4236602783203,-144.4236602783203,38,0.0016493055555555556,0.0003,13696.0,0.1711869239807129,0.9989261627197266,0.029512202367186546
49,19066.59765625,140.98037719726562,-139.98037719726562,37,0.0016059027777777777,0.0003,13568.0,0.169186070561409,0.9989336729049683,0.029511624947190285
50,18447.318359375,137.23281860351562,-136.23281860351562,37,0.0016059027777777777,0.0003,13248.0,0.169389009475708,0.9989502429962158,0.029513079673051834
51,18014.55859375,133.72933959960938,-132.72933959960938,37,0.0016059027777777777,0.0003,12992.0,0.16679874062538147,0.9989416003227234,0.029512595385313034
52,17489.34375,130.10394287109375,-129.10394287109375,38,0.0016493055555555556,0.0003,12736.0,0.1665584146976471,0.9989808797836304,0.029513472691178322
53,17187.015625,126.2947006225586,-125.2947006225586,39,0.0016927083333333334,0.0003,12608.0,0.16500447690486908,0.9989716410636902,0.029513996094465256
54,16520.654296875,123.01988220214844,-122.01988220214844,44,0.0019097222222222222,0.0003,12224.0,0.16624154150485992,0.9989938735961914,0.029514513909816742
55,16157.146484375,119.78068542480469,-118.78068542480469,43,0.0018663194444444445,0.0003,12032.0,0.1674361377954483,0.9990180134773254,0.029514668509364128
56,15700.6396484375,116.33910369873047,-115.33910369873047,42,0.0018229166666666667,0.0003,11776.0,0.16481705009937286,0.9990275502204895,0.029515283182263374
57,15413.9130859375,113.33208465576172,-112.33208465576172,44,0.0019097222222222222,0.0003,11648.0,0.16204987466335297,0.9990297555923462,0.02951534278690815
58,14797.6904296875,110.5321273803711,-109.5321273803711,45,0.001953125,0.0003,11264.0,0.16097590327262878,0.9990472197532654,0.029514668509364128
59,14455.609375,106.7984848022461,-105.7984848022461,44,0.0019097222222222222,0.0003,11136.0,0.15803426504135132,0.9990412592887878,0.029514621943235397
60,14088.365234375,104.34029388427734,-103.34029388427734,44,0.0019097222222222222,0.0003,10880.0,0.16350793838500977,0.9990583658218384,0.029514063149690628
61,13719.73828125,100.95539855957031,-99.95539855957031,42,0.0018229166666666667,0.0003,10688.0,0.1566082388162613,0.9990426898002625,0.02951342798769474
